{
  "project_info": {
    "project_number": "65857839126",
    "firebase_url": "https://cafeeggandbutter-default-rtdb.asia-southeast1.firebasedatabase.app",
    "project_id": "cafeeggandbutter",
    "storage_bucket": "cafeeggandbutter.appspot.com"
  },
  "client": [
    {
      "client_info": {
        "mobilesdk_app_id": "1:65857839126:android:b15cfd8af0e8dfdc6b5537",
        "android_client_info": {
          "package_name": "com.example.pemesanancafeeggandbutter"
        }
      },
      "oauth_client": [
        {
          "client_id": "65857839126-6o2ven4ufeiggko7sl3e5k414bgl21q7.apps.googleusercontent.com",
          "client_type": 3
        }
      ],
      "api_key": [
        {
          "current_key": "AIzaSyA4BYd5BCT21yRkyAQgPxXIB3HNtwoRnzc"
        }
      ],
      "services": {
        "appinvite_service": {
          "other_platform_oauth_client": [
            {
              "client_id": "65857839126-6o2ven4ufeiggko7sl3e5k414bgl21q7.apps.googleusercontent.com",
              "client_type": 3
            }
          ]
        }
      }
    }
  ],
  "configuration_version": "1"
}